Date,Product,Region,Salesperson,Quantity,Unit_Price,Discount,Total_Sales
2023-04-13,Headphones,North,Charlie,8,1237.45,0.05,9404.62
2023-08-03,Tablet,East,Eve,4,371.45,0.2,1188.64
2023-11-05,Phone,West,Diana,6,101.48,0.3,426.22
2023-06-10,Headphones,South,Eve,9,653.34,0.18,4821.65
2023-06-19,Headphones,West,Charlie,7,1968.14,0.14,11848.2
2023-11-03,Monitor,North,Bob,4,1890.18,0.17,6275.4
2023-09-22,Phone,North,Bob,4,557.95,0.2,1785.44
2023-09-21,Tablet,South,Alice,4,446.25,0.23,1374.45
2023-02-23,Phone,West,Eve,2,1572.75,0.28,2264.76
2023-09-27,Headphones,North,Eve,2,1125.42,0.18,1845.69
2023-08-05,Headphones,West,Diana,9,662.92,0.05,5667.97
2023-12-11,Laptop,West,Alice,8,110.49,0.24,671.78
2023-03-22,Tablet,East,Alice,5,1859.97,0.2,7439.88
2023-01-28,Laptop,West,Diana,2,281.28,0.11,500.68
2023-03-03,Monitor,East,Diana,8,621.97,0.17,4129.88
2023-08-15,Monitor,East,Charlie,1,1471.29,0.07,1368.3
2023-12-25,Tablet,North,Bob,3,159.72,0.19,388.12
2023-02-21,Monitor,West,Diana,5,573.66,0.12,2524.1
2023-06-20,Monitor,West,Eve,7,650.53,0.05,4326.02
2023-03-07,Phone,North,Alice,5,1755.78,0.24,6671.96
2023-02-13,Headphones,South,Charlie,7,1802.57,0.1,11356.19
2023-08-13,Laptop,North,Charlie,9,1654.23,0.26,11017.17
2023-12-25,Tablet,North,Eve,1,327.74,0.1,294.97
2023-11-11,Laptop,West,Alice,1,582.44,0.07,541.67
2023-10-22,Phone,East,Alice,5,641.2,0.01,3173.94
2023-04-23,Phone,South,Diana,6,162.8,0.1,879.12
2023-05-06,Phone,North,Diana,6,559.91,0.2,2687.57
2023-07-22,Tablet,North,Eve,4,1968.5,0.12,6929.12
2023-08-28,Laptop,North,Diana,6,1422.04,0.26,6313.86
2023-09-09,Tablet,West,Charlie,3,1638.05,0.1,4422.73
2023-07-18,Headphones,North,Alice,8,834.8,0.28,4808.45
2023-05-09,Tablet,West,Alice,9,497.24,0.16,3759.13
2023-10-25,Tablet,East,Diana,9,1081.61,0.08,8955.73
2023-10-31,Headphones,North,Eve,7,744.16,0.1,4688.21
2023-10-31,Tablet,West,Alice,8,1716.76,0.28,9888.54
2023-04-14,Headphones,South,Charlie,9,1360.65,0.0,12245.85
2023-12-04,Phone,South,Charlie,9,434.26,0.01,3869.26
2023-10-04,Headphones,West,Charlie,1,685.32,0.16,575.67
2023-01-22,Monitor,East,Charlie,2,765.15,0.19,1239.54
2023-11-13,Tablet,West,Charlie,1,182.85,0.3,127.99
2023-06-07,Monitor,South,Eve,6,803.3,0.0,4819.8
2023-10-07,Monitor,North,Eve,3,1962.63,0.02,5770.13
2023-09-10,Monitor,West,Alice,3,422.04,0.17,1050.88
2023-08-11,Phone,East,Bob,6,781.43,0.08,4313.49
2023-09-30,Laptop,North,Charlie,6,783.03,0.09,4275.34
2023-09-04,Phone,East,Bob,9,1261.88,0.02,11129.78
2023-11-09,Headphones,North,Diana,1,234.79,0.12,206.62
2023-05-22,Headphones,East,Diana,2,278.57,0.17,462.43
2023-12-08,Tablet,North,Bob,6,1222.58,0.01,7262.13
2023-06-29,Phone,South,Charlie,5,1092.26,0.23,4205.2
2023-04-18,Monitor,East,Diana,6,198.2,0.16,998.93
2023-02-16,Tablet,East,Diana,2,1080.97,0.1,1945.75
2023-05-25,Tablet,West,Bob,7,576.64,0.06,3794.29
2023-11-14,Laptop,West,Eve,1,429.26,0.05,407.8
2023-10-17,Laptop,West,Eve,5,1312.71,0.16,5513.38
2023-07-11,Monitor,South,Eve,7,190.66,0.17,1107.73
2023-03-27,Laptop,North,Diana,5,278.9,0.09,1269.0
2023-07-23,Phone,South,Eve,7,757.98,0.14,4563.04
2023-12-23,Phone,South,Eve,4,186.08,0.11,662.44
2023-09-07,Tablet,South,Alice,8,1351.52,0.05,10271.55
2023-10-07,Phone,North,Diana,4,1193.4,0.12,4200.77
2023-02-02,Laptop,North,Charlie,5,1289.29,0.25,4834.84
2023-06-17,Phone,East,Diana,2,174.03,0.19,281.93
2023-08-03,Laptop,South,Eve,2,595.32,0.15,1012.04
2023-11-10,Monitor,South,Eve,8,1496.63,0.24,9099.51
2023-09-06,Headphones,South,Eve,9,1180.19,0.17,8816.02
2023-04-09,Headphones,South,Alice,7,1203.03,0.26,6231.7
2023-08-12,Monitor,West,Alice,7,1526.66,0.23,8228.7
2023-12-27,Laptop,North,Diana,9,708.09,0.27,4652.15
2023-06-26,Headphones,West,Eve,9,1709.57,0.11,13693.66
2023-10-11,Headphones,East,Bob,5,274.24,0.18,1124.38
2023-02-22,Laptop,East,Eve,5,1039.4,0.02,5093.06
2023-08-11,Phone,North,Charlie,7,1137.24,0.21,6288.94
2023-08-27,Headphones,North,Bob,1,292.13,0.03,283.37
2023-05-21,Phone,North,Bob,2,254.56,0.03,493.85
2023-12-05,Monitor,North,Diana,1,1899.77,0.3,1329.84
2023-05-12,Headphones,South,Diana,3,1576.58,0.17,3925.68
2023-04-01,Phone,South,Charlie,7,925.46,0.08,5959.96
2023-08-30,Headphones,South,Bob,4,325.75,0.04,1250.88
2023-12-27,Laptop,East,Eve,9,812.25,0.09,6652.33
2023-11-08,Laptop,South,Eve,6,1624.01,0.29,6918.28
2023-06-22,Monitor,East,Eve,6,1856.82,0.28,8021.46
2023-06-13,Tablet,East,Diana,9,1093.89,0.19,7974.46
2023-01-14,Laptop,North,Charlie,7,186.35,0.08,1200.09
2023-08-12,Headphones,West,Diana,5,627.02,0.06,2946.99
2023-03-31,Phone,West,Bob,5,1951.35,0.3,6829.72
2023-05-25,Laptop,North,Eve,4,1245.29,0.08,4582.67
2023-02-15,Tablet,North,Bob,3,1478.87,0.18,3638.02
2023-01-10,Phone,East,Eve,5,150.1,0.11,667.94
2023-03-06,Phone,West,Alice,5,1524.2,0.12,6706.48
2023-11-11,Tablet,North,Eve,1,990.52,0.12,871.66
2023-11-07,Headphones,North,Eve,5,1993.61,0.17,8273.48
2023-02-22,Monitor,South,Bob,3,569.96,0.14,1470.5
2023-01-01,Tablet,North,Eve,4,534.42,0.2,1710.14
2023-10-15,Phone,West,Bob,2,1004.8,0.25,1507.2
2023-11-02,Headphones,North,Diana,5,267.98,0.24,1018.32
2023-04-22,Monitor,North,Bob,3,1815.99,0.19,4412.86
2023-08-14,Phone,South,Bob,3,1817.9,0.1,4908.33
2023-06-15,Laptop,West,Diana,7,1094.84,0.21,6054.47
2023-10-12,Headphones,South,Alice,1,590.66,0.14,507.97
2023-02-03,Monitor,South,Eve,3,1120.8,0.14,2891.66
2023-12-02,Tablet,South,Diana,8,1423.35,0.12,10020.38
2023-12-18,Tablet,East,Eve,2,1243.68,0.07,2313.24
2023-10-04,Monitor,South,Diana,6,268.53,0.04,1546.73
2023-08-21,Headphones,South,Bob,1,1056.49,0.21,834.63
2023-03-14,Phone,North,Alice,6,255.34,0.26,1133.71
2023-11-15,Monitor,North,Bob,4,1631.78,0.22,5091.15
2023-09-10,Headphones,East,Bob,7,1109.4,0.22,6057.32
2023-06-03,Tablet,West,Charlie,7,1405.61,0.25,7379.45
2023-12-29,Headphones,North,Bob,6,1111.97,0.07,6204.79
2023-04-29,Monitor,West,Bob,7,711.95,0.06,4684.63
2023-05-06,Headphones,North,Alice,4,1000.54,0.11,3561.92
2023-08-21,Monitor,South,Diana,6,1215.0,0.22,5686.2
2023-08-24,Tablet,South,Alice,5,789.86,0.19,3198.93
2023-08-14,Tablet,West,Charlie,6,1250.97,0.07,6980.41
2023-05-30,Monitor,South,Diana,8,1803.85,0.02,14142.18
2023-08-31,Monitor,West,Bob,4,1941.99,0.26,5748.29
2023-05-14,Laptop,South,Charlie,9,1465.07,0.16,11075.93
2023-01-26,Tablet,North,Diana,5,455.38,0.1,2049.21
2023-10-02,Headphones,North,Diana,1,1106.7,0.21,874.29
2023-05-22,Monitor,South,Charlie,4,709.22,0.18,2326.24
2023-06-27,Phone,North,Bob,2,712.47,0.24,1082.95
2023-11-17,Monitor,North,Alice,9,1231.71,0.14,9533.44
2023-04-04,Laptop,North,Diana,2,336.16,0.22,524.41
2023-05-17,Phone,West,Charlie,3,1860.25,0.22,4352.99
2023-03-01,Monitor,West,Charlie,9,1525.95,0.24,10437.5
2023-10-18,Monitor,North,Eve,3,1363.87,0.16,3436.95
2023-05-12,Laptop,North,Bob,9,1397.67,0.14,10817.97
2023-04-14,Tablet,North,Alice,7,933.61,0.17,5424.27
2023-05-25,Laptop,East,Bob,5,1822.3,0.19,7380.32
2023-07-17,Tablet,East,Charlie,8,1418.06,0.05,10777.26
2023-04-21,Monitor,North,Diana,7,1188.99,0.3,5826.05
2023-04-07,Monitor,North,Charlie,7,371.94,0.06,2447.37
2023-11-18,Phone,North,Charlie,1,295.54,0.16,248.25
2023-10-30,Headphones,North,Diana,8,1054.35,0.16,7085.23
2023-06-06,Headphones,West,Eve,2,123.19,0.18,202.03
2023-10-19,Phone,East,Charlie,5,1670.92,0.29,5931.77
2023-12-26,Phone,South,Charlie,8,1061.19,0.18,6961.41
2023-04-21,Headphones,East,Diana,4,1845.63,0.24,5610.72
2023-10-20,Phone,North,Diana,9,905.85,0.22,6359.07
2023-10-23,Laptop,South,Charlie,7,333.34,0.07,2170.04
2023-12-12,Headphones,South,Alice,1,1752.8,0.16,1472.35
2023-05-29,Laptop,North,Alice,4,1596.8,0.18,5237.5
2023-10-18,Headphones,North,Bob,6,758.06,0.1,4093.52
2023-12-13,Laptop,West,Charlie,3,571.63,0.17,1423.36
2023-06-29,Monitor,West,Alice,1,1582.94,0.08,1456.3
2023-06-03,Headphones,South,Eve,1,438.27,0.29,311.17
2023-06-26,Headphones,South,Diana,8,1054.17,0.18,6915.36
2023-05-21,Tablet,East,Charlie,1,169.44,0.14,145.72
2023-01-19,Phone,North,Charlie,2,1096.34,0.13,1907.63
2023-04-24,Tablet,East,Diana,1,735.29,0.02,720.58
2023-05-11,Phone,South,Charlie,2,876.59,0.01,1735.65
2023-10-15,Phone,East,Eve,8,151.48,0.07,1127.01
2023-09-12,Monitor,West,Alice,5,439.23,0.2,1756.92
2023-09-21,Phone,East,Charlie,4,1894.38,0.04,7274.42
2023-08-11,Phone,East,Bob,7,1498.22,0.25,7865.66
2023-04-22,Monitor,East,Diana,2,1796.08,0.25,2694.12
2023-01-11,Phone,East,Bob,3,1221.56,0.08,3371.51
2023-09-18,Monitor,South,Alice,2,1736.03,0.07,3229.02
2023-12-08,Headphones,West,Alice,8,1972.2,0.14,13568.74
2023-08-12,Laptop,South,Charlie,1,610.49,0.16,512.81
2023-08-25,Laptop,East,Alice,6,1325.6,0.13,6919.63
2023-06-03,Phone,North,Eve,2,617.38,0.01,1222.41
2023-05-26,Monitor,South,Diana,9,620.7,0.17,4636.63
2023-06-02,Phone,West,Eve,6,360.08,0.27,1577.15
2023-05-14,Tablet,West,Bob,9,1039.12,0.17,7762.23
2023-07-09,Phone,South,Bob,6,1502.26,0.02,8833.29
2023-10-19,Tablet,South,Eve,5,1690.45,0.13,7353.46
2023-06-13,Laptop,East,Charlie,6,1004.5,0.2,4821.6
2023-09-03,Monitor,West,Alice,4,1125.7,0.05,4277.66
2023-09-01,Tablet,North,Charlie,2,1284.33,0.14,2209.05
2023-03-14,Laptop,West,Alice,1,1041.43,0.21,822.73
2023-02-11,Laptop,East,Charlie,3,247.75,0.0,743.25
2023-04-12,Phone,West,Charlie,5,274.01,0.28,986.44
2023-01-17,Phone,North,Alice,8,1540.95,0.19,9985.36
2023-03-22,Monitor,South,Alice,2,1029.91,0.07,1915.63
2023-12-31,Phone,East,Bob,7,1998.77,0.17,11612.85
2023-03-27,Phone,East,Eve,7,664.96,0.28,3351.4
2023-11-11,Monitor,South,Diana,7,964.77,0.16,5672.85
2023-04-13,Laptop,South,Charlie,2,1781.5,0.16,2992.92
2023-07-02,Headphones,East,Alice,4,1602.37,0.1,5768.53
2023-07-29,Laptop,West,Eve,2,146.36,0.26,216.61
2023-09-08,Monitor,North,Bob,3,233.06,0.0,699.18
2023-01-29,Laptop,North,Eve,9,1203.44,0.08,9964.48
2023-09-23,Laptop,East,Diana,5,1491.32,0.0,7456.6
2023-05-22,Phone,West,Bob,5,179.98,0.01,890.9
2023-03-14,Laptop,North,Diana,5,1594.06,0.03,7731.19
2023-07-17,Tablet,South,Eve,2,417.36,0.3,584.3
2023-02-28,Headphones,North,Eve,3,1074.11,0.07,2996.77
2023-08-14,Laptop,South,Alice,1,1918.81,0.25,1439.11
2023-01-05,Monitor,South,Alice,9,1862.73,0.3,11735.2
2023-03-02,Tablet,South,Charlie,2,1033.25,0.3,1446.55
2023-01-03,Tablet,South,Eve,8,1520.96,0.01,12046.0
2023-03-09,Monitor,South,Charlie,9,843.22,0.08,6981.86
2023-01-29,Laptop,East,Alice,2,1738.04,0.24,2641.82
2023-02-09,Laptop,North,Charlie,2,876.06,0.11,1559.39
2023-11-24,Tablet,North,Bob,2,253.99,0.07,472.42
2023-10-11,Monitor,North,Alice,2,1040.78,0.14,1790.14
2023-12-15,Tablet,South,Charlie,8,1358.01,0.16,9125.83
2023-08-25,Laptop,South,Charlie,8,566.04,0.05,4301.9
2023-10-31,Laptop,North,Charlie,9,1867.17,0.03,16300.39
2023-06-04,Headphones,East,Eve,9,155.57,0.25,1050.1
2023-06-09,Tablet,North,Bob,4,1156.75,0.23,3562.79
2023-01-12,Phone,West,Eve,1,1163.7,0.03,1128.79
2023-12-20,Headphones,West,Eve,3,344.05,0.09,939.26
2023-03-15,Laptop,West,Bob,5,294.77,0.28,1061.17
2023-12-18,Headphones,South,Diana,1,1564.87,0.21,1236.25
2023-07-12,Phone,West,Charlie,2,1755.92,0.29,2493.41
2023-10-12,Headphones,West,Charlie,3,1229.35,0.12,3245.48
2023-01-29,Tablet,North,Charlie,7,947.22,0.08,6100.1
2023-10-12,Headphones,North,Charlie,9,410.89,0.24,2810.49
2023-06-06,Tablet,West,Bob,4,1343.57,0.08,4944.34
2023-12-03,Headphones,West,Diana,5,1828.1,0.26,6763.97
2023-03-25,Tablet,North,Eve,3,692.71,0.1,1870.32
2023-01-15,Phone,North,Charlie,1,1338.17,0.11,1190.97
2023-09-28,Headphones,West,Charlie,8,402.57,0.06,3027.33
2023-04-03,Monitor,West,Charlie,2,1545.95,0.19,2504.44
2023-06-30,Headphones,South,Charlie,4,1613.42,0.14,5550.16
2023-07-25,Laptop,South,Diana,4,917.58,0.06,3450.1
2023-11-15,Monitor,North,Bob,8,923.17,0.3,5169.75
2023-07-28,Monitor,South,Bob,6,654.16,0.21,3100.72
2023-10-16,Headphones,South,Alice,8,1476.14,0.22,9211.11
2023-02-10,Laptop,West,Alice,6,1274.5,0.21,6041.13
2023-07-21,Phone,West,Alice,2,1115.06,0.26,1650.29
2023-03-18,Headphones,South,Bob,6,1178.33,0.21,5585.28
2023-05-23,Phone,South,Diana,1,1907.94,0.04,1831.62
2023-05-03,Laptop,South,Alice,7,1264.59,0.09,8055.44
2023-07-23,Phone,West,Diana,7,1355.56,0.17,7875.8
2023-11-10,Phone,East,Charlie,9,411.6,0.13,3222.83
2023-01-12,Headphones,North,Alice,3,516.51,0.29,1100.17
2023-12-22,Monitor,West,Eve,7,923.95,0.01,6402.97
2023-10-27,Phone,South,Bob,3,534.06,0.3,1121.53
2023-12-27,Tablet,East,Diana,3,1392.43,0.02,4093.74
2023-07-26,Laptop,East,Diana,1,1749.72,0.22,1364.78
2023-01-24,Headphones,North,Diana,4,1059.21,0.16,3558.95
2023-04-06,Laptop,West,Bob,5,851.48,0.18,3491.07
2023-12-01,Phone,West,Bob,3,1225.47,0.27,2683.78
2023-09-25,Tablet,North,Bob,8,1688.4,0.07,12561.7
2023-10-09,Headphones,West,Bob,2,443.86,0.26,656.91
2023-02-10,Headphones,North,Alice,4,1226.61,0.05,4661.12
2023-12-11,Laptop,West,Bob,3,1347.8,0.1,3639.06
2023-06-13,Monitor,East,Charlie,3,939.85,0.1,2537.6
2023-04-03,Phone,West,Alice,1,953.92,0.18,782.21
2023-01-01,Laptop,West,Diana,9,1250.52,0.11,10016.67
2023-07-23,Monitor,North,Alice,8,1630.77,0.18,10697.85
2023-07-26,Headphones,East,Eve,4,612.52,0.02,2401.08
2023-10-20,Headphones,South,Eve,1,332.01,0.14,285.53
2023-09-02,Tablet,North,Alice,1,1210.87,0.21,956.59
2023-10-03,Monitor,South,Charlie,2,713.95,0.29,1013.81
2023-02-08,Tablet,South,Diana,6,365.34,0.01,2170.12
2023-10-28,Headphones,West,Bob,7,408.53,0.06,2688.13
2023-09-21,Monitor,West,Eve,6,585.08,0.2,2808.38
2023-04-29,Phone,East,Bob,2,563.88,0.25,845.82
2023-10-30,Laptop,West,Charlie,8,1611.47,0.28,9282.07
2023-01-01,Tablet,East,Eve,5,1196.65,0.1,5384.92
2023-07-11,Laptop,North,Alice,9,1754.43,0.23,12158.2
2023-03-18,Laptop,East,Diana,2,867.87,0.1,1562.17
2023-04-12,Tablet,South,Bob,2,1767.99,0.1,3182.38
2023-12-31,Tablet,North,Alice,5,716.71,0.11,3189.36
2023-07-18,Monitor,East,Diana,9,1233.32,0.16,9323.9
2023-10-18,Headphones,South,Bob,3,420.04,0.19,1020.7
2023-09-22,Tablet,North,Bob,8,1086.26,0.14,7473.47
2023-04-27,Monitor,South,Alice,5,857.76,0.17,3559.7
2023-10-27,Headphones,East,Charlie,7,1644.67,0.22,8979.9
2023-01-21,Tablet,East,Eve,9,1343.92,0.11,10764.8
2023-11-20,Monitor,North,Charlie,2,416.03,0.19,673.97
2023-02-21,Tablet,North,Diana,3,1203.77,0.03,3502.97
2023-06-07,Phone,South,Alice,4,1664.03,0.16,5591.14
2023-09-20,Headphones,South,Eve,7,661.03,0.24,3516.68
2023-10-25,Headphones,West,Diana,6,1631.39,0.17,8124.32
2023-06-22,Phone,East,Charlie,7,1312.17,0.15,7807.41
2023-08-08,Laptop,South,Alice,8,880.95,0.25,5285.7
2023-03-13,Laptop,South,Charlie,5,673.91,0.22,2628.25
2023-04-10,Headphones,East,Bob,9,281.52,0.19,2052.28
2023-08-30,Monitor,East,Alice,3,1751.59,0.14,4519.1
2023-05-29,Laptop,South,Eve,3,1253.48,0.16,3158.77
2023-05-18,Laptop,South,Eve,9,1043.86,0.3,6576.32
2023-10-18,Monitor,South,Charlie,6,947.0,0.22,4431.96
2023-10-07,Headphones,South,Charlie,4,1476.24,0.17,4901.12
2023-06-16,Monitor,South,Diana,8,1326.05,0.18,8698.89
2023-03-14,Laptop,East,Alice,7,231.91,0.16,1363.63
2023-05-10,Headphones,North,Diana,5,615.18,0.18,2522.24
2023-03-08,Headphones,North,Bob,3,461.62,0.02,1357.16
2023-06-21,Phone,South,Alice,3,1488.24,0.14,3839.66
2023-09-21,Headphones,South,Diana,5,433.08,0.21,1710.67
2023-11-07,Phone,South,Alice,7,1536.71,0.1,9681.27
2023-05-16,Headphones,East,Eve,7,858.7,0.05,5710.36
2023-01-05,Headphones,West,Diana,1,1699.86,0.16,1427.88
2023-08-19,Laptop,North,Diana,6,402.68,0.02,2367.76
2023-10-19,Laptop,East,Bob,2,823.73,0.1,1482.71
2023-09-06,Laptop,North,Charlie,3,854.26,0.13,2229.62
2023-07-15,Phone,East,Charlie,6,1044.23,0.3,4385.77
2023-04-11,Headphones,South,Diana,1,321.1,0.25,240.82
2023-10-18,Phone,South,Charlie,7,678.89,0.02,4657.19
2023-06-12,Phone,East,Bob,3,757.59,0.29,1613.67
2023-09-13,Phone,North,Bob,9,1010.77,0.09,8278.21
2023-04-05,Laptop,South,Eve,4,1054.88,0.12,3713.18
2023-01-25,Monitor,North,Bob,8,1008.64,0.15,6858.75
2023-03-20,Headphones,North,Diana,4,935.07,0.03,3628.07
2023-06-09,Monitor,East,Bob,7,388.85,0.02,2667.51
2023-09-23,Laptop,South,Charlie,2,209.78,0.21,331.45
2023-03-24,Laptop,East,Eve,9,1587.12,0.08,13141.35
2023-09-20,Headphones,North,Diana,4,1993.72,0.24,6060.91
2023-12-25,Headphones,West,Eve,4,1345.87,0.25,4037.61
2023-06-27,Monitor,West,Eve,3,798.74,0.12,2108.67
2023-01-14,Monitor,North,Eve,7,890.69,0.14,5361.95
2023-09-03,Monitor,South,Bob,8,1117.09,0.06,8400.52
2023-08-01,Phone,South,Eve,5,477.83,0.02,2341.37
2023-06-09,Headphones,North,Charlie,1,1141.12,0.14,981.36
2023-11-04,Monitor,South,Diana,2,716.88,0.22,1118.33
2023-08-20,Tablet,North,Eve,4,1733.17,0.12,6100.76
2023-02-11,Monitor,North,Alice,1,1351.52,0.28,973.09
2023-05-10,Headphones,West,Eve,1,1697.66,0.01,1680.68
2023-08-20,Monitor,West,Charlie,7,1352.77,0.27,6912.65
2023-07-19,Laptop,East,Alice,7,1084.98,0.05,7215.12
2023-03-28,Monitor,West,Eve,8,261.1,0.21,1650.15
2023-04-19,Tablet,West,Charlie,8,167.58,0.15,1139.54
2023-08-20,Phone,East,Diana,4,1571.84,0.2,5029.89
2023-01-28,Tablet,East,Bob,5,1144.27,0.25,4291.01
2023-01-08,Phone,South,Diana,1,661.35,0.23,509.24
2023-11-25,Phone,East,Bob,3,330.63,0.18,813.35
2023-03-19,Laptop,North,Alice,7,179.71,0.29,893.16
2023-05-29,Headphones,West,Charlie,8,316.52,0.15,2152.34
2023-06-09,Headphones,South,Charlie,1,1863.36,0.07,1732.92
2023-06-02,Tablet,South,Diana,9,411.0,0.08,3403.08
2023-08-01,Headphones,West,Charlie,1,1327.04,0.09,1207.61
2023-02-01,Laptop,West,Alice,2,1308.53,0.07,2433.87
2023-05-06,Headphones,West,Charlie,6,1531.06,0.08,8451.45
2023-12-14,Monitor,North,Bob,2,350.28,0.22,546.44
2023-10-10,Phone,East,Charlie,7,1697.34,0.22,9267.48
2023-06-20,Monitor,North,Alice,8,1262.69,0.03,9798.47
2023-01-23,Monitor,South,Diana,9,1546.13,0.05,13219.41
2023-12-28,Phone,West,Alice,5,1774.76,0.08,8163.9
2023-08-12,Phone,South,Charlie,9,1154.66,0.22,8105.71
2023-08-19,Tablet,East,Bob,9,812.99,0.16,6146.2
2023-03-27,Phone,South,Bob,6,1682.09,0.0,10092.54
2023-05-01,Phone,North,Alice,4,721.17,0.04,2769.29
2023-03-11,Tablet,North,Bob,4,832.21,0.19,2696.36
2023-01-24,Tablet,South,Eve,6,883.98,0.21,4190.07
2023-07-21,Headphones,West,Alice,4,864.42,0.26,2558.68
2023-08-09,Tablet,West,Eve,7,1435.59,0.02,9848.15
2023-01-24,Phone,South,Bob,3,612.66,0.25,1378.48
2023-11-01,Tablet,South,Eve,6,498.7,0.25,2244.15
2023-01-19,Monitor,West,Alice,7,548.13,0.11,3414.85
2023-04-23,Tablet,West,Charlie,9,1872.92,0.19,13653.59
2023-07-17,Headphones,West,Charlie,6,1983.14,0.22,9281.1
2023-12-25,Laptop,South,Eve,9,1174.54,0.29,7505.31
2023-09-16,Monitor,East,Alice,6,618.83,0.16,3118.9
2023-12-31,Tablet,North,Charlie,3,916.35,0.26,2034.3
2023-12-15,Monitor,West,Alice,5,970.56,0.14,4173.41
2023-03-11,Phone,West,Bob,3,930.02,0.22,2176.25
2023-11-22,Laptop,South,Diana,9,1527.61,0.2,10998.79
2023-02-05,Monitor,South,Diana,6,597.24,0.07,3332.6
2023-08-08,Phone,West,Bob,9,1575.75,0.02,13898.12
2023-10-28,Headphones,West,Charlie,4,1277.43,0.17,4241.07
2023-01-21,Headphones,South,Alice,7,264.21,0.07,1720.01
2023-06-09,Tablet,West,Eve,8,594.3,0.22,3708.43
2023-11-10,Monitor,South,Eve,3,1477.8,0.06,4167.4
2023-11-01,Tablet,East,Alice,5,1256.2,0.1,5652.9
2023-06-10,Phone,North,Diana,9,1716.17,0.17,12819.79
2023-03-22,Monitor,North,Bob,9,1604.23,0.16,12127.98
2023-04-08,Phone,North,Bob,5,367.82,0.2,1471.28
2023-02-26,Phone,South,Bob,3,1336.85,0.16,3368.86
2023-12-10,Headphones,East,Bob,3,198.72,0.24,453.08
2023-02-01,Monitor,West,Bob,4,1537.83,0.16,5167.11
2023-08-20,Monitor,East,Diana,9,1164.35,0.23,8068.95
2023-03-07,Laptop,West,Charlie,8,636.62,0.12,4481.8
2023-08-15,Headphones,East,Alice,2,277.48,0.13,482.82
2023-09-24,Headphones,South,Diana,9,1197.43,0.19,8729.26
2023-02-24,Laptop,East,Bob,4,1159.86,0.05,4407.47
2023-12-02,Tablet,North,Charlie,2,420.82,0.15,715.39
2023-08-08,Laptop,East,Eve,5,936.61,0.18,3840.1
2023-09-03,Tablet,West,Alice,7,1937.54,0.13,11799.62
2023-01-21,Monitor,South,Diana,6,1961.59,0.2,9415.63
2023-05-08,Tablet,North,Alice,3,1102.06,0.22,2578.82
2023-06-03,Monitor,East,Eve,9,1656.22,0.16,12521.02
2023-07-30,Headphones,West,Alice,2,1661.11,0.14,2857.11
2023-08-01,Phone,South,Charlie,5,314.59,0.03,1525.76
2023-06-12,Headphones,South,Alice,3,955.67,0.22,2236.27
2023-10-06,Laptop,North,Diana,3,159.12,0.22,372.34
2023-03-07,Tablet,West,Diana,7,417.55,0.2,2338.28
2023-01-01,Tablet,West,Bob,9,509.51,0.11,4081.18
2023-01-21,Tablet,North,Eve,5,1341.01,0.28,4827.64
2023-02-08,Laptop,East,Diana,2,1336.46,0.26,1977.96
2023-08-07,Tablet,East,Bob,8,821.06,0.07,6108.69
2023-11-24,Tablet,East,Charlie,4,134.2,0.13,467.02
2023-09-27,Phone,South,Alice,3,1948.28,0.25,4383.63
2023-10-02,Laptop,West,Diana,7,1280.55,0.17,7440.0
2023-05-04,Laptop,West,Charlie,4,313.9,0.21,991.92
2023-11-13,Headphones,West,Alice,9,123.57,0.14,956.43
2023-03-30,Tablet,North,Charlie,9,669.85,0.22,4702.35
2023-07-15,Tablet,West,Diana,8,1766.8,0.1,12720.96
2023-03-27,Laptop,West,Eve,1,642.05,0.13,558.58
2023-09-24,Phone,North,Eve,5,579.38,0.07,2694.12
2023-06-21,Laptop,North,Eve,9,1828.29,0.2,13163.69
2023-08-04,Laptop,West,Eve,7,917.81,0.1,5782.2
2023-03-17,Laptop,East,Bob,4,942.42,0.18,3091.14
2023-11-03,Headphones,North,Eve,3,551.12,0.15,1405.36
2023-01-28,Headphones,South,Diana,3,1339.23,0.29,2852.56
2023-06-11,Tablet,East,Alice,1,611.02,0.12,537.7
2023-08-02,Laptop,South,Alice,6,186.73,0.04,1075.56
2023-12-28,Laptop,North,Eve,1,1282.79,0.14,1103.2
2023-08-25,Headphones,West,Alice,6,1722.86,0.01,10233.79
2023-05-16,Tablet,West,Diana,1,743.84,0.24,565.32
2023-07-11,Phone,East,Alice,9,1651.7,0.09,13527.42
2023-01-17,Monitor,East,Charlie,7,1192.08,0.01,8261.11
2023-07-11,Tablet,South,Charlie,1,840.76,0.22,655.79
2023-03-13,Monitor,North,Eve,1,1665.2,0.29,1182.29
2023-09-07,Monitor,West,Alice,7,1463.39,0.25,7682.8
2023-06-26,Headphones,South,Bob,2,1364.05,0.24,2073.36
2023-03-23,Monitor,East,Diana,8,1527.24,0.02,11973.56
2023-08-31,Laptop,East,Bob,9,1328.26,0.27,8726.67
2023-09-23,Phone,East,Alice,9,393.21,0.05,3361.95
2023-06-04,Monitor,South,Eve,6,1675.13,0.3,7035.55
2023-09-15,Laptop,North,Diana,3,952.82,0.03,2772.71
2023-12-23,Monitor,South,Alice,9,1485.43,0.2,10695.1
2023-10-11,Monitor,South,Charlie,2,867.41,0.02,1700.12
2023-03-14,Monitor,South,Bob,2,830.06,0.14,1427.7
2023-06-21,Laptop,East,Charlie,9,152.1,0.12,1204.63
2023-06-16,Phone,West,Diana,5,1326.91,0.01,6568.2
2023-11-17,Laptop,East,Diana,3,148.35,0.19,360.49
2023-05-06,Tablet,North,Alice,6,1709.57,0.16,8616.23
2023-06-25,Headphones,West,Diana,6,962.6,0.21,4562.72
2023-12-31,Phone,North,Charlie,3,1931.63,0.12,5099.5
2023-06-04,Tablet,West,Charlie,3,144.37,0.23,333.49
2023-09-02,Phone,North,Bob,5,1916.25,0.09,8718.94
2023-03-28,Headphones,South,Diana,9,1969.63,0.09,16131.27
2023-05-06,Headphones,North,Eve,6,1128.67,0.05,6433.42
2023-11-01,Monitor,South,Eve,6,569.12,0.25,2561.04
2023-02-11,Phone,West,Eve,3,436.62,0.15,1113.38
2023-01-21,Headphones,East,Diana,3,413.96,0.17,1030.76
2023-05-05,Tablet,North,Bob,4,863.38,0.3,2417.46
2023-09-09,Phone,West,Alice,8,1279.25,0.06,9619.96
2023-12-07,Headphones,North,Alice,5,1131.75,0.07,5262.64
2023-03-05,Tablet,North,Bob,6,1113.43,0.26,4943.63
2023-05-29,Tablet,East,Diana,5,1609.0,0.08,7401.4
2023-02-15,Phone,West,Alice,3,979.08,0.29,2085.44
2023-08-24,Headphones,West,Bob,4,642.99,0.06,2417.64
2023-08-04,Tablet,East,Alice,3,1196.83,0.26,2656.96
2023-08-07,Phone,West,Charlie,4,1632.52,0.14,5615.87
2023-11-25,Headphones,North,Alice,1,1709.24,0.27,1247.75
2023-05-27,Tablet,East,Eve,7,136.32,0.14,820.65
2023-12-15,Tablet,East,Bob,5,781.56,0.24,2969.93
2023-06-01,Tablet,West,Alice,3,1995.86,0.2,4790.06
2023-04-23,Tablet,North,Diana,9,1302.52,0.02,11488.23
2023-05-21,Monitor,West,Alice,1,1707.25,0.18,1399.95
2023-04-14,Laptop,South,Diana,6,681.66,0.16,3435.57
2023-07-07,Monitor,North,Bob,3,1092.9,0.09,2983.62
2023-05-25,Phone,South,Diana,6,195.43,0.02,1149.13
2023-01-13,Headphones,South,Charlie,8,655.78,0.05,4983.93
2023-02-24,Tablet,South,Eve,7,1005.23,0.07,6544.05
2023-08-21,Monitor,North,Eve,3,779.85,0.19,1895.04
2023-08-02,Laptop,East,Bob,4,1287.09,0.02,5045.39
2023-06-09,Phone,South,Bob,4,676.07,0.09,2460.89
2023-01-30,Headphones,North,Charlie,7,1469.24,0.12,9050.52
2023-10-17,Phone,West,Bob,9,1522.43,0.1,12331.68
2023-08-29,Phone,North,Bob,2,624.72,0.21,987.06
2023-12-09,Phone,West,Alice,6,568.97,0.22,2662.78
2023-06-06,Headphones,East,Alice,1,346.87,0.17,287.9
2023-06-11,Headphones,West,Diana,2,1794.56,0.13,3122.53
2023-06-26,Headphones,East,Eve,1,1405.34,0.15,1194.54
2023-11-12,Tablet,North,Bob,7,583.04,0.26,3020.15
2023-04-11,Laptop,West,Diana,1,1384.61,0.28,996.92
2023-07-20,Monitor,West,Charlie,3,1323.88,0.01,3931.92
2023-04-11,Headphones,West,Alice,3,969.63,0.06,2734.36
2023-08-15,Headphones,North,Diana,7,1558.38,0.12,9599.62
2023-04-10,Phone,West,Alice,9,1752.55,0.22,12302.9
2023-04-10,Monitor,East,Eve,2,850.0,0.28,1224.0
2023-10-19,Phone,East,Diana,6,1325.18,0.12,6996.95
2023-11-06,Laptop,West,Eve,3,1367.05,0.25,3075.86
2023-02-23,Phone,North,Diana,5,1407.28,0.07,6543.85
2023-04-12,Phone,South,Alice,4,1902.81,0.01,7535.13
2023-04-21,Laptop,West,Diana,8,1477.23,0.26,8745.2
2023-07-07,Phone,South,Alice,4,964.35,0.08,3548.81
2023-04-14,Headphones,South,Diana,6,132.2,0.23,610.76
2023-08-10,Laptop,South,Eve,6,927.46,0.1,5008.28
2023-06-02,Laptop,East,Bob,7,761.38,0.11,4743.4
2023-01-16,Tablet,North,Diana,7,1770.58,0.2,9915.25
2023-06-09,Tablet,West,Alice,7,1582.71,0.14,9527.91
2023-08-02,Tablet,West,Charlie,9,1881.02,0.18,13881.93
2023-07-24,Headphones,East,Diana,4,1919.8,0.28,5529.02
2023-05-13,Headphones,South,Charlie,6,794.79,0.07,4434.93
2023-07-18,Phone,North,Bob,9,1584.51,0.17,11836.29
2023-09-24,Monitor,North,Diana,1,755.87,0.28,544.23
2023-08-04,Headphones,North,Alice,2,1411.18,0.28,2032.1
2023-03-25,Headphones,North,Charlie,8,355.12,0.29,2017.08
2023-08-14,Monitor,South,Eve,5,1279.73,0.28,4607.03
2023-07-29,Phone,South,Eve,3,414.92,0.13,1082.94
2023-08-23,Headphones,North,Alice,2,1722.19,0.07,3203.27
2023-03-11,Laptop,West,Diana,3,1046.65,0.12,2763.16
2023-07-06,Phone,South,Alice,5,930.29,0.18,3814.19
2023-11-07,Phone,South,Diana,3,1491.03,0.11,3981.05
2023-09-30,Tablet,East,Eve,2,1937.4,0.12,3409.82
2023-12-28,Headphones,East,Alice,7,1584.56,0.29,7875.26
2023-08-30,Monitor,South,Diana,9,1687.27,0.24,11540.93
2023-06-05,Phone,East,Charlie,5,521.94,0.1,2348.73
2023-11-18,Tablet,South,Eve,9,865.25,0.27,5684.69
2023-06-22,Phone,West,Alice,6,855.89,0.28,3697.44
2023-05-09,Laptop,North,Alice,3,845.67,0.23,1953.5
2023-06-12,Tablet,North,Charlie,1,1596.34,0.08,1468.63
2023-06-30,Tablet,South,Diana,1,556.76,0.06,523.35
2023-12-31,Headphones,West,Bob,9,173.97,0.01,1550.07
2023-10-05,Phone,West,Eve,9,1905.87,0.17,14236.85
2023-05-19,Tablet,North,Charlie,3,636.74,0.11,1700.1
2023-10-30,Phone,West,Eve,5,1549.91,0.25,5812.16
2023-03-25,Phone,West,Eve,8,453.66,0.1,3266.35
2023-04-13,Headphones,South,Alice,4,660.96,0.26,1956.44
2023-07-14,Tablet,West,Eve,4,1417.87,0.23,4367.04
2023-01-04,Tablet,South,Alice,1,1124.28,0.08,1034.34
2023-10-06,Monitor,North,Eve,9,100.02,0.12,792.16
2023-02-23,Monitor,North,Bob,8,529.64,0.09,3855.78
2023-11-13,Headphones,East,Charlie,6,1485.76,0.29,6329.34
2023-02-07,Tablet,East,Diana,9,1712.01,0.13,13405.04
2023-11-02,Monitor,North,Charlie,3,445.07,0.11,1188.34
2023-02-16,Headphones,East,Eve,6,1222.21,0.2,5866.61
2023-02-28,Phone,South,Charlie,2,1583.2,0.18,2596.45
2023-05-19,Phone,South,Alice,1,1242.95,0.09,1131.08
2023-06-02,Tablet,North,Eve,6,1583.39,0.21,7505.27
2023-02-20,Headphones,North,Alice,8,402.15,0.05,3056.34
2023-07-17,Laptop,East,Bob,7,1715.9,0.1,10810.17
2023-09-08,Laptop,North,Alice,6,737.66,0.29,3142.43
2023-01-03,Laptop,East,Alice,7,1143.69,0.09,7285.31
2023-09-28,Headphones,West,Diana,2,130.52,0.23,201.0
2023-03-19,Phone,North,Bob,7,546.45,0.21,3021.87
2023-12-05,Laptop,North,Alice,8,198.17,0.15,1347.56
2023-10-10,Monitor,West,Charlie,3,853.45,0.04,2457.94
2023-03-30,Headphones,East,Diana,7,701.44,0.24,3731.66
2023-11-09,Monitor,West,Charlie,2,1682.38,0.27,2456.27
2023-07-29,Headphones,West,Diana,1,1142.83,0.09,1039.98
2023-11-27,Monitor,East,Diana,1,1876.49,0.13,1632.55
2023-11-30,Monitor,South,Charlie,1,642.94,0.13,559.36
2023-01-19,Monitor,East,Bob,7,1894.45,0.19,10741.53
2023-07-01,Tablet,West,Eve,8,1981.69,0.1,14268.17
2023-11-15,Phone,North,Alice,8,228.25,0.16,1533.84
2023-01-17,Phone,South,Bob,5,1960.02,0.17,8134.08
2023-03-23,Phone,West,Alice,1,758.4,0.12,667.39
2023-09-23,Phone,North,Charlie,2,646.18,0.2,1033.89
2023-01-22,Phone,East,Charlie,6,229.83,0.13,1199.71
2023-05-28,Headphones,East,Diana,3,1332.16,0.08,3676.76
2023-10-17,Tablet,South,Charlie,9,1442.6,0.18,10646.39
2023-08-21,Tablet,West,Charlie,2,1745.58,0.28,2513.64
2023-06-03,Laptop,South,Eve,6,1884.21,0.0,11305.26
2023-09-05,Headphones,South,Alice,1,129.25,0.17,107.28
2023-11-01,Laptop,West,Charlie,1,518.92,0.22,404.76
2023-02-15,Phone,West,Alice,2,1511.37,0.1,2720.47
2023-09-01,Tablet,North,Alice,4,925.37,0.22,2887.15
2023-09-05,Headphones,North,Charlie,9,1374.28,0.21,9771.13
2023-06-17,Laptop,North,Diana,1,507.37,0.08,466.78
2023-10-17,Tablet,North,Bob,3,509.15,0.18,1252.51
2023-01-16,Phone,South,Bob,2,1629.67,0.25,2444.5
2023-11-15,Monitor,West,Charlie,6,1511.47,0.22,7073.68
2023-08-26,Tablet,South,Bob,1,1849.46,0.18,1516.56
2023-12-11,Laptop,West,Diana,1,1801.16,0.2,1440.93
2023-02-25,Tablet,North,Bob,6,912.44,0.13,4762.94
2023-09-09,Tablet,North,Diana,2,1667.01,0.09,3033.96
2023-05-19,Phone,North,Eve,4,1221.44,0.12,4299.47
2023-12-29,Headphones,West,Alice,7,1454.62,0.0,10182.34
2023-05-01,Laptop,South,Eve,5,1594.39,0.28,5739.8
2023-08-30,Tablet,North,Diana,3,309.82,0.09,845.81
2023-07-15,Headphones,West,Charlie,8,1151.42,0.08,8474.45
2023-03-02,Phone,West,Alice,7,510.51,0.24,2715.91
2023-02-05,Phone,North,Bob,7,540.39,0.1,3404.46
2023-11-13,Laptop,South,Charlie,3,762.89,0.16,1922.48
2023-09-18,Phone,East,Alice,7,977.5,0.12,6021.4
2023-08-02,Laptop,North,Eve,7,440.58,0.21,2436.41
2023-04-22,Monitor,North,Eve,2,1110.59,0.24,1688.1
2023-04-04,Laptop,South,Alice,3,558.92,0.11,1492.32
2023-04-25,Headphones,South,Alice,7,209.69,0.12,1291.69
2023-05-27,Headphones,West,Charlie,9,889.97,0.13,6968.47
2023-01-19,Tablet,South,Bob,1,486.97,0.1,438.27
2023-05-21,Laptop,South,Eve,1,1041.84,0.28,750.12
2023-10-22,Phone,North,Eve,5,1553.12,0.2,6212.48
2023-11-10,Laptop,East,Eve,1,134.44,0.24,102.17
2023-01-25,Tablet,North,Charlie,5,521.61,0.21,2060.36
2023-05-24,Laptop,South,Diana,9,1117.75,0.25,7544.81
2023-03-27,Laptop,East,Diana,3,642.47,0.16,1619.02
2023-12-05,Tablet,South,Alice,3,125.4,0.12,331.06
2023-02-26,Phone,East,Bob,8,1766.97,0.12,12439.47
2023-07-04,Headphones,East,Diana,4,1331.8,0.02,5220.66
2023-11-18,Monitor,North,Diana,3,518.21,0.11,1383.62
2023-11-16,Tablet,East,Diana,4,186.11,0.1,670.0
2023-04-06,Tablet,South,Charlie,2,1357.2,0.15,2307.24
2023-12-14,Headphones,South,Eve,8,1142.0,0.02,8953.28
2023-05-16,Laptop,South,Bob,5,1090.04,0.11,4850.68
2023-11-10,Headphones,North,Charlie,5,493.76,0.21,1950.35
2023-02-28,Headphones,North,Diana,6,1524.96,0.27,6679.32
2023-08-03,Tablet,North,Bob,4,1719.91,0.16,5778.9
2023-03-03,Phone,West,Bob,6,833.8,0.18,4102.3
2023-11-09,Monitor,East,Bob,1,1210.87,0.04,1162.44
2023-12-12,Phone,South,Alice,6,1113.18,0.19,5410.05
2023-08-10,Monitor,North,Eve,5,1419.82,0.07,6602.16
2023-12-22,Phone,East,Eve,4,976.89,0.29,2774.37
2023-12-06,Phone,North,Diana,1,921.46,0.01,912.25
2023-03-04,Monitor,North,Charlie,5,1297.08,0.26,4799.2
2023-06-25,Laptop,West,Charlie,8,718.05,0.27,4193.41
2023-04-14,Monitor,South,Bob,2,1521.21,0.24,2312.24
2023-09-13,Tablet,West,Diana,3,1995.49,0.07,5567.42
2023-05-23,Monitor,North,Alice,3,142.61,0.11,380.77
2023-10-31,Monitor,East,Bob,1,1548.37,0.01,1532.89
2023-07-26,Tablet,South,Charlie,3,1286.77,0.26,2856.63
2023-05-18,Tablet,North,Diana,3,940.36,0.21,2228.65
2023-06-02,Headphones,West,Charlie,7,1863.55,0.28,9392.29
2023-07-02,Headphones,North,Charlie,5,1991.7,0.29,7070.54
2023-09-03,Laptop,South,Diana,6,1227.0,0.02,7214.76
2023-07-08,Phone,East,Bob,8,1889.21,0.05,14358.0
2023-05-13,Laptop,East,Alice,9,232.62,0.17,1737.67
2023-11-17,Headphones,North,Diana,6,964.83,0.2,4631.18
2023-04-03,Phone,West,Bob,1,1258.43,0.21,994.16
2023-09-25,Headphones,South,Charlie,8,1911.72,0.26,11317.38
2023-11-18,Monitor,North,Bob,4,249.26,0.22,777.69
2023-12-30,Tablet,South,Diana,8,226.4,0.07,1684.42
2023-07-28,Headphones,West,Charlie,7,1052.99,0.29,5233.36
2023-06-04,Monitor,East,Alice,3,481.05,0.06,1356.56
2023-08-27,Laptop,West,Eve,4,760.26,0.13,2645.7
2023-09-25,Laptop,North,Bob,3,1148.57,0.24,2618.74
2023-03-12,Headphones,South,Bob,4,204.92,0.28,590.17
2023-02-21,Monitor,West,Charlie,5,1542.66,0.29,5476.44
2023-10-23,Headphones,West,Charlie,8,517.44,0.01,4098.12
2023-05-18,Headphones,North,Diana,4,499.96,0.24,1519.88
2023-08-11,Phone,West,Bob,7,1442.68,0.19,8180.0
2023-07-09,Monitor,West,Bob,8,676.89,0.09,4927.76
2023-04-22,Headphones,South,Alice,1,973.21,0.09,885.62
2023-11-09,Phone,North,Bob,9,462.38,0.1,3745.28
2023-01-18,Tablet,West,Alice,7,1696.21,0.3,8311.43
2023-02-09,Headphones,South,Charlie,5,1029.85,0.22,4016.42
2023-11-28,Headphones,South,Charlie,7,322.32,0.24,1714.74
2023-10-22,Headphones,East,Alice,8,473.2,0.29,2687.78
2023-08-17,Tablet,North,Alice,6,536.67,0.17,2672.62
2023-10-08,Monitor,West,Charlie,6,350.14,0.26,1554.62
2023-02-22,Tablet,West,Charlie,6,1668.85,0.09,9111.92
2023-07-19,Laptop,South,Charlie,3,1798.57,0.1,4856.14
2023-11-11,Monitor,East,Eve,4,1378.25,0.07,5127.09
2023-09-11,Monitor,South,Diana,7,1218.97,0.23,6570.25
2023-02-14,Phone,South,Alice,4,815.41,0.07,3033.33
2023-09-30,Phone,West,Bob,7,653.78,0.06,4301.87
2023-04-21,Tablet,North,Eve,1,1567.78,0.21,1238.55
2023-01-02,Phone,East,Alice,7,1876.83,0.11,11692.65
2023-08-26,Phone,North,Charlie,5,1549.5,0.01,7670.02
2023-12-03,Tablet,West,Alice,4,1068.72,0.15,3633.65
2023-06-29,Laptop,North,Diana,9,1694.44,0.05,14487.46
2023-08-15,Tablet,South,Alice,1,1569.42,0.27,1145.68
2023-03-13,Tablet,South,Diana,1,1260.46,0.06,1184.83
2023-05-19,Tablet,East,Alice,1,550.17,0.2,440.14
2023-12-07,Phone,South,Eve,3,1097.0,0.23,2534.07
2023-08-15,Tablet,East,Alice,5,1926.84,0.2,7707.36
2023-12-05,Headphones,East,Alice,6,1389.15,0.1,7501.41
2023-02-07,Monitor,East,Diana,4,765.79,0.27,2236.11
2023-06-13,Phone,North,Diana,1,1441.87,0.19,1167.91
2023-03-24,Phone,West,Charlie,8,695.01,0.25,4170.06
2023-07-29,Laptop,East,Diana,8,1884.09,0.14,12962.54
2023-05-17,Headphones,East,Eve,9,1835.14,0.06,15525.28
2023-04-28,Phone,North,Bob,4,1532.35,0.17,5087.4
2023-11-19,Monitor,East,Bob,1,113.07,0.06,106.29
2023-06-30,Headphones,South,Bob,7,1780.72,0.27,9099.48
2023-05-12,Laptop,South,Alice,2,450.8,0.1,811.44
2023-12-06,Laptop,West,Eve,1,322.15,0.2,257.72
2023-09-07,Headphones,East,Alice,5,1208.85,0.12,5318.94
2023-03-11,Laptop,East,Diana,7,1351.46,0.28,6811.36
2023-08-15,Tablet,West,Bob,9,1891.05,0.02,16679.06
2023-07-22,Monitor,West,Eve,5,981.57,0.04,4711.54
2023-08-25,Monitor,North,Alice,2,1503.85,0.01,2977.62
2023-01-30,Tablet,West,Diana,7,427.8,0.17,2485.52
2023-08-08,Phone,South,Alice,7,1942.47,0.13,11829.64
2023-06-11,Headphones,North,Diana,1,970.07,0.07,902.17
2023-04-21,Laptop,North,Alice,6,1805.71,0.22,8450.72
2023-01-22,Tablet,North,Alice,1,1158.89,0.05,1100.95
2023-06-15,Laptop,West,Eve,6,1174.81,0.05,6696.42
2023-03-13,Monitor,East,Eve,1,623.94,0.06,586.5
2023-03-01,Monitor,South,Bob,1,899.45,0.18,737.55
2023-10-30,Monitor,South,Diana,6,406.32,0.2,1950.34
2023-05-26,Headphones,North,Alice,7,893.57,0.03,6067.34
2023-01-19,Tablet,East,Diana,3,245.93,0.11,656.63
2023-04-10,Tablet,West,Bob,8,707.34,0.13,4923.09
2023-11-23,Tablet,South,Alice,3,774.31,0.12,2044.18
2023-11-10,Monitor,West,Diana,8,397.94,0.25,2387.64
2023-07-09,Headphones,North,Bob,2,1158.38,0.07,2154.59
2023-10-07,Tablet,East,Alice,7,518.85,0.27,2651.32
2023-12-30,Tablet,East,Bob,9,642.83,0.03,5611.91
2023-08-18,Phone,South,Eve,5,914.07,0.22,3564.87
2023-06-20,Monitor,East,Eve,6,1892.03,0.07,10557.53
2023-04-18,Headphones,North,Bob,2,574.06,0.16,964.42
2023-08-17,Phone,West,Charlie,3,1674.13,0.21,3967.69
2023-04-06,Headphones,East,Diana,1,1483.9,0.1,1335.51
2023-08-02,Tablet,South,Alice,4,826.28,0.19,2677.15
2023-09-08,Phone,East,Alice,7,973.34,0.13,5927.64
2023-09-08,Laptop,North,Bob,3,1785.53,0.13,4660.23
2023-09-13,Laptop,West,Bob,8,894.48,0.23,5510.0
2023-07-25,Phone,North,Bob,7,1629.43,0.02,11177.89
2023-12-21,Headphones,West,Bob,3,546.49,0.25,1229.6
2023-08-02,Monitor,East,Alice,2,1860.28,0.13,3236.89
2023-02-23,Tablet,East,Alice,3,846.5,0.01,2514.1
2023-12-12,Laptop,West,Charlie,4,1950.22,0.16,6552.74
2023-11-11,Tablet,East,Diana,1,521.39,0.1,469.25
2023-10-19,Monitor,West,Eve,4,955.11,0.1,3438.4
2023-03-17,Monitor,South,Bob,7,197.46,0.15,1174.89
2023-10-20,Monitor,East,Diana,4,406.6,0.17,1349.91
2023-03-05,Monitor,East,Diana,4,1494.42,0.1,5379.91
2023-08-12,Phone,North,Diana,3,1424.61,0.06,4017.4
2023-11-14,Monitor,West,Diana,4,692.63,0.04,2659.7
2023-02-07,Headphones,East,Alice,4,1378.88,0.25,4136.64
2023-12-04,Monitor,West,Charlie,5,255.85,0.01,1266.46
2023-10-27,Phone,North,Bob,9,396.78,0.3,2499.71
2023-05-27,Phone,South,Charlie,9,1063.46,0.19,7752.62
2023-04-05,Monitor,West,Bob,4,948.24,0.19,3072.3
2023-09-30,Monitor,East,Charlie,8,1664.22,0.17,11050.42
2023-01-04,Phone,East,Bob,1,1790.84,0.3,1253.59
2023-11-17,Headphones,North,Bob,7,580.75,0.26,3008.28
2023-04-18,Tablet,South,Charlie,8,277.22,0.29,1574.61
2023-07-14,Headphones,East,Bob,1,1893.46,0.23,1457.96
2023-11-12,Headphones,South,Diana,9,134.93,0.14,1044.36
2023-10-25,Laptop,North,Alice,6,515.56,0.02,3031.49
2023-07-27,Monitor,South,Alice,4,1432.63,0.03,5558.6
2023-12-02,Phone,West,Bob,9,1864.83,0.1,15105.12
2023-03-17,Phone,North,Bob,9,591.32,0.01,5268.66
2023-03-01,Phone,North,Charlie,4,431.83,0.09,1571.86
2023-06-08,Laptop,South,Bob,5,1196.07,0.17,4963.69
2023-10-07,Monitor,South,Eve,2,342.22,0.24,520.17
2023-11-10,Headphones,South,Diana,4,1480.99,0.24,4502.21
2023-12-22,Laptop,West,Alice,4,1267.52,0.17,4208.17
2023-05-31,Monitor,East,Charlie,5,1357.49,0.19,5497.83
2023-08-19,Headphones,West,Alice,7,1157.5,0.1,7292.25
2023-10-15,Headphones,North,Alice,6,1844.96,0.19,8966.51
2023-04-19,Tablet,West,Charlie,1,125.9,0.1,113.31
2023-03-24,Monitor,East,Diana,3,1807.7,0.17,4501.17
2023-04-05,Phone,North,Eve,9,840.81,0.14,6507.87
2023-12-09,Tablet,East,Charlie,6,1759.88,0.3,7391.5
2023-02-15,Tablet,North,Bob,5,680.91,0.12,2996.0
2023-12-06,Monitor,West,Charlie,1,1301.55,0.04,1249.49
2023-12-30,Headphones,West,Eve,4,1531.6,0.26,4533.54
2023-10-02,Tablet,North,Charlie,9,640.63,0.13,5016.13
2023-12-31,Tablet,East,Diana,8,1930.61,0.03,14981.53
2023-01-26,Tablet,North,Diana,9,263.46,0.02,2323.72
2023-02-08,Tablet,West,Charlie,6,1094.1,0.08,6039.43
2023-08-18,Laptop,South,Diana,1,1956.36,0.16,1643.34
2023-02-21,Tablet,East,Eve,4,460.88,0.21,1456.38
2023-05-20,Tablet,East,Eve,5,139.77,0.09,635.95
2023-09-26,Laptop,North,Alice,4,1383.76,0.12,4870.84
2023-11-01,Phone,East,Diana,6,1145.9,0.24,5225.3
2023-01-28,Tablet,East,Alice,9,217.87,0.1,1764.75
2023-06-13,Tablet,South,Diana,1,302.04,0.03,292.98
2023-04-03,Monitor,East,Alice,3,100.35,0.18,246.86
2023-06-30,Headphones,South,Alice,7,1332.65,0.29,6623.27
2023-06-18,Phone,South,Alice,7,1097.99,0.03,7455.35
2023-11-04,Laptop,North,Diana,5,1383.68,0.01,6849.22
2023-05-12,Tablet,South,Bob,4,1149.5,0.18,3770.36
2023-07-08,Tablet,West,Eve,8,1625.72,0.16,10924.84
2023-05-03,Tablet,East,Alice,2,426.96,0.26,631.9
2023-12-21,Tablet,East,Diana,5,253.17,0.28,911.41
2023-02-08,Laptop,West,Charlie,2,1297.18,0.25,1945.77
2023-01-18,Phone,North,Eve,1,713.89,0.3,499.72
2023-03-31,Monitor,South,Diana,8,1623.2,0.14,11167.62
2023-04-05,Monitor,South,Alice,1,383.37,0.24,291.36
2023-12-16,Tablet,East,Alice,6,263.65,0.24,1202.24
2023-06-10,Tablet,South,Eve,2,1323.52,0.11,2355.87
2023-10-01,Tablet,East,Charlie,2,828.11,0.06,1556.85
2023-12-30,Tablet,East,Bob,4,478.88,0.08,1762.28
2023-04-08,Monitor,West,Bob,6,985.62,0.13,5144.94
2023-03-26,Tablet,West,Diana,3,1288.74,0.17,3208.96
2023-05-30,Monitor,East,Eve,5,1094.46,0.07,5089.24
2023-10-22,Phone,East,Eve,3,450.47,0.06,1270.33
2023-02-04,Headphones,East,Eve,3,1778.77,0.08,4909.41
2023-05-02,Headphones,East,Diana,3,217.88,0.02,640.57
2023-12-09,Monitor,East,Alice,5,192.52,0.03,933.72
2023-04-12,Phone,North,Alice,5,957.27,0.1,4307.72
2023-07-27,Laptop,North,Bob,9,341.19,0.04,2947.88
2023-11-30,Laptop,West,Alice,7,1980.06,0.21,10949.73
2023-01-25,Phone,South,Eve,2,1377.54,0.05,2617.33
2023-04-02,Tablet,West,Charlie,9,889.34,0.01,7924.02
2023-03-09,Laptop,South,Charlie,8,1144.74,0.29,6502.12
2023-04-04,Monitor,North,Eve,9,196.85,0.19,1435.04
2023-12-04,Phone,South,Eve,2,730.77,0.23,1125.39
2023-04-24,Laptop,East,Charlie,3,1985.78,0.07,5540.33
2023-08-26,Monitor,West,Alice,1,878.38,0.29,623.65
2023-05-31,Tablet,South,Diana,7,618.04,0.22,3374.5
2023-10-16,Tablet,West,Charlie,4,1746.2,0.02,6845.1
2023-04-09,Phone,East,Charlie,8,1142.32,0.12,8041.93
2023-12-09,Headphones,South,Diana,3,852.4,0.04,2454.91
2023-08-24,Monitor,South,Eve,9,877.26,0.11,7026.85
2023-04-25,Tablet,East,Eve,2,1193.63,0.05,2267.9
2023-11-09,Tablet,North,Diana,2,231.39,0.25,347.08
2023-06-19,Phone,West,Diana,6,728.07,0.22,3407.37
2023-11-09,Monitor,South,Eve,1,353.05,0.08,324.81
2023-04-27,Headphones,North,Diana,9,447.23,0.1,3622.56
2023-10-24,Tablet,North,Eve,6,273.49,0.1,1476.85
2023-11-18,Tablet,East,Eve,3,215.71,0.01,640.66
2023-08-29,Headphones,North,Eve,3,1803.49,0.06,5085.84
2023-05-06,Tablet,South,Alice,2,1291.24,0.24,1962.68
2023-01-25,Tablet,North,Alice,3,412.78,0.05,1176.42
2023-12-26,Phone,South,Alice,6,1220.34,0.02,7175.6
2023-12-27,Tablet,East,Bob,9,506.59,0.08,4194.57
2023-09-01,Monitor,North,Diana,8,1370.87,0.24,8334.89
2023-07-28,Tablet,North,Diana,5,971.19,0.17,4030.44
2023-05-26,Phone,North,Eve,4,1994.2,0.22,6221.9
2023-04-05,Laptop,West,Charlie,9,361.5,0.0,3253.5
2023-10-25,Monitor,West,Eve,5,554.23,0.23,2133.79
2023-11-04,Phone,South,Diana,7,1278.71,0.24,6802.74
2023-12-07,Monitor,South,Bob,3,1783.95,0.05,5084.26
2023-10-14,Phone,West,Diana,7,348.36,0.2,1950.82
2023-01-13,Phone,East,Diana,7,1058.47,0.09,6742.45
2023-03-23,Tablet,South,Diana,5,541.23,0.12,2381.41
2023-11-14,Laptop,West,Alice,7,1553.87,0.04,10442.01
2023-12-24,Headphones,East,Charlie,1,218.62,0.15,185.83
2023-08-20,Tablet,West,Bob,4,1022.73,0.16,3436.37
2023-06-22,Monitor,East,Charlie,2,620.03,0.27,905.24
2023-08-03,Monitor,South,Alice,7,1051.1,0.19,5959.74
2023-01-26,Tablet,South,Bob,3,436.54,0.0,1309.62
2023-03-31,Monitor,South,Charlie,8,1755.38,0.09,12779.17
2023-08-02,Tablet,East,Alice,1,1235.9,0.02,1211.18
2023-07-15,Tablet,East,Charlie,6,683.58,0.26,3035.1
2023-01-01,Tablet,West,Diana,7,419.73,0.25,2203.58
2023-06-27,Headphones,North,Alice,1,975.71,0.25,731.78
2023-08-12,Tablet,West,Charlie,4,990.7,0.21,3130.61
2023-11-13,Laptop,West,Diana,7,1262.82,0.09,8044.16
2023-12-01,Tablet,East,Bob,4,542.84,0.21,1715.37
2023-07-09,Monitor,North,Bob,8,1957.42,0.17,12997.27
2023-09-13,Headphones,North,Eve,1,206.71,0.08,190.17
2023-11-30,Laptop,North,Bob,2,937.26,0.26,1387.14
2023-07-11,Monitor,North,Charlie,6,1000.61,0.14,5163.15
2023-03-30,Monitor,West,Eve,5,1653.48,0.27,6035.2
2023-11-02,Phone,West,Alice,1,626.05,0.01,619.79
2023-05-12,Monitor,East,Bob,6,691.99,0.25,3113.96
2023-03-10,Headphones,West,Charlie,9,1184.45,0.14,9167.64
2023-07-04,Phone,North,Charlie,4,1074.66,0.08,3954.75
2023-06-11,Monitor,South,Charlie,1,1475.66,0.28,1062.48
2023-04-07,Laptop,West,Diana,4,560.13,0.02,2195.71
2023-02-28,Laptop,West,Bob,9,1523.82,0.28,9874.35
2023-11-14,Phone,East,Bob,8,174.02,0.12,1225.1
2023-01-18,Monitor,North,Eve,7,1648.64,0.26,8539.96
2023-05-26,Tablet,South,Bob,2,975.39,0.3,1365.55
2023-09-05,Phone,South,Bob,1,1784.35,0.12,1570.23
2023-12-29,Monitor,North,Bob,9,113.27,0.12,897.1
2023-07-03,Tablet,South,Diana,8,230.43,0.3,1290.41
2023-07-01,Laptop,North,Charlie,6,1155.54,0.09,6309.25
2023-04-09,Monitor,South,Charlie,4,1634.94,0.22,5101.01
2023-02-11,Phone,North,Bob,7,1988.19,0.09,12664.77
2023-07-26,Tablet,West,Charlie,9,234.02,0.27,1537.51
2023-11-04,Monitor,North,Eve,1,1915.35,0.07,1781.28
2023-01-16,Headphones,East,Eve,6,125.13,0.15,638.16
2023-03-06,Headphones,South,Charlie,1,1657.29,0.27,1209.82
2023-06-30,Headphones,East,Bob,4,1533.62,0.13,5337.0
2023-04-06,Tablet,South,Bob,2,689.59,0.15,1172.3
2023-11-22,Laptop,West,Alice,6,324.62,0.12,1713.99
2023-07-30,Phone,South,Eve,1,175.64,0.08,161.59
2023-12-01,Headphones,East,Bob,1,181.89,0.05,172.8
2023-07-11,Tablet,North,Eve,2,1550.68,0.03,3008.32
2023-03-28,Monitor,South,Charlie,3,464.83,0.04,1338.71
2023-06-18,Laptop,East,Charlie,2,1855.74,0.25,2783.61
2023-03-02,Headphones,West,Bob,7,1667.13,0.21,9219.23
2023-05-06,Headphones,North,Alice,3,551.22,0.09,1504.83
2023-07-23,Laptop,West,Charlie,1,467.0,0.14,401.62
2023-05-10,Headphones,South,Eve,9,1399.35,0.01,12468.21
2023-07-22,Phone,North,Eve,5,834.93,0.02,4091.16
2023-04-30,Laptop,North,Eve,9,111.49,0.15,852.9
2023-11-14,Laptop,West,Alice,1,407.22,0.29,289.13
2023-06-17,Phone,East,Eve,5,943.17,0.08,4338.58
2023-03-15,Monitor,North,Bob,4,1841.33,0.1,6628.79
2023-03-14,Laptop,North,Diana,2,1053.82,0.17,1749.34
2023-02-16,Tablet,West,Alice,5,1757.99,0.03,8526.25
2023-01-26,Laptop,South,Bob,1,945.22,0.15,803.44
2023-10-25,Tablet,North,Diana,1,918.63,0.09,835.95
2023-05-11,Tablet,North,Bob,3,1972.96,0.24,4498.35
2023-04-28,Headphones,West,Eve,6,850.6,0.02,5001.53
2023-09-23,Phone,West,Eve,7,778.27,0.19,4412.79
2023-12-02,Laptop,South,Charlie,7,1020.91,0.01,7074.91
2023-07-31,Tablet,West,Diana,2,911.5,0.14,1567.78
2023-05-20,Phone,West,Alice,8,1393.28,0.2,8916.99
2023-05-29,Headphones,West,Diana,8,174.6,0.29,991.73
2023-03-20,Monitor,East,Alice,2,390.97,0.22,609.91
2023-07-02,Headphones,West,Bob,4,894.75,0.09,3256.89
2023-02-13,Monitor,South,Eve,4,326.82,0.1,1176.55
2023-05-03,Monitor,East,Charlie,6,493.29,0.26,2190.21
2023-12-23,Tablet,North,Charlie,3,414.45,0.21,982.25
2023-10-20,Laptop,East,Charlie,6,502.32,0.01,2983.78
2023-05-29,Laptop,East,Bob,8,1503.61,0.09,10946.28
2023-01-14,Phone,West,Diana,7,591.92,0.02,4060.57
2023-05-02,Laptop,North,Charlie,3,1016.32,0.02,2987.98
2023-12-20,Phone,North,Alice,4,1207.1,0.04,4635.26
2023-01-12,Laptop,South,Bob,6,464.84,0.2,2231.23
2023-05-20,Laptop,South,Bob,5,1483.22,0.24,5636.24
2023-04-22,Headphones,North,Bob,6,1524.91,0.24,6953.59
2023-08-24,Phone,South,Diana,8,836.89,0.09,6092.56
2023-10-21,Monitor,West,Diana,7,177.77,0.01,1231.95
2023-02-20,Phone,South,Charlie,8,1947.68,0.16,13088.41
2023-12-07,Laptop,South,Alice,2,242.3,0.03,470.06
2023-12-18,Headphones,West,Bob,9,1560.62,0.02,13764.67
2023-10-09,Laptop,East,Bob,9,200.21,0.25,1351.42
2023-10-14,Laptop,North,Bob,2,291.07,0.12,512.28
2023-03-25,Tablet,East,Bob,6,1342.19,0.11,7167.29
2023-03-13,Monitor,South,Diana,5,289.04,0.23,1112.8
2023-05-19,Phone,South,Bob,4,1081.59,0.09,3936.99
2023-03-30,Headphones,South,Charlie,2,965.73,0.14,1661.06
2023-10-06,Tablet,South,Alice,8,896.36,0.03,6955.75
2023-01-18,Laptop,West,Eve,6,574.51,0.1,3102.35
2023-03-31,Tablet,South,Bob,2,130.45,0.29,185.24
2023-03-18,Monitor,South,Diana,2,120.05,0.12,211.29
2023-03-29,Headphones,West,Diana,9,872.19,0.26,5808.79
2023-01-05,Tablet,South,Diana,9,349.45,0.09,2862.0
2023-12-28,Headphones,West,Charlie,4,1537.26,0.14,5288.17
2023-01-11,Headphones,South,Eve,5,1991.47,0.14,8563.32
2023-08-25,Monitor,North,Charlie,7,497.28,0.04,3341.72
2023-05-24,Monitor,East,Diana,8,1174.29,0.01,9300.38
2023-10-27,Headphones,South,Eve,1,264.74,0.16,222.38
2023-09-01,Headphones,West,Charlie,5,1956.23,0.06,9194.28
2023-04-13,Phone,North,Bob,6,623.58,0.1,3367.33
2023-02-25,Laptop,West,Eve,3,489.12,0.24,1115.19
2023-06-15,Monitor,North,Charlie,6,637.25,0.09,3479.38
2023-01-04,Phone,West,Diana,9,869.78,0.07,7280.06
2023-04-11,Tablet,North,Eve,5,443.25,0.28,1595.7
2023-03-04,Laptop,East,Bob,9,1226.81,0.15,9385.1
2023-09-12,Monitor,South,Diana,4,669.87,0.14,2304.35
2023-06-16,Phone,North,Charlie,8,1208.28,0.27,7056.36
2023-03-31,Laptop,South,Diana,1,636.4,0.18,521.85
2023-08-03,Phone,North,Charlie,2,1727.99,0.14,2972.14
2023-03-21,Laptop,East,Eve,4,1883.87,0.09,6857.29
2023-07-14,Laptop,South,Bob,9,1993.94,0.13,15612.55
2023-03-17,Monitor,West,Diana,7,401.05,0.02,2751.2
2023-05-31,Headphones,West,Eve,5,652.67,0.14,2806.48
2023-11-29,Tablet,South,Eve,2,433.78,0.15,737.43
2023-11-04,Tablet,North,Diana,7,118.13,0.02,810.37
2023-02-03,Phone,North,Bob,9,440.41,0.27,2893.49
2023-01-10,Tablet,West,Charlie,5,283.72,0.22,1106.51
2023-08-19,Monitor,South,Eve,1,141.51,0.23,108.96
2023-07-04,Headphones,North,Charlie,3,1588.65,0.0,4765.95
2023-11-30,Laptop,South,Eve,1,1974.71,0.08,1816.73
2023-04-05,Laptop,North,Bob,5,1896.21,0.02,9291.43
2023-08-26,Headphones,West,Alice,5,371.35,0.17,1541.1
2023-07-17,Laptop,North,Charlie,1,1997.71,0.02,1957.76
2023-10-04,Tablet,North,Charlie,9,935.17,0.15,7154.05
2023-02-24,Headphones,West,Diana,2,676.12,0.29,960.09
2023-07-17,Tablet,North,Eve,1,1828.23,0.0,1828.23
2023-11-18,Tablet,East,Bob,4,1597.58,0.01,6326.42
2023-09-15,Headphones,East,Alice,5,1991.3,0.09,9060.42
2023-09-08,Laptop,East,Diana,8,421.41,0.29,2393.61
2023-07-16,Headphones,West,Eve,9,616.16,0.03,5379.08
2023-11-21,Phone,South,Alice,3,1261.55,0.11,3368.34
2023-12-10,Tablet,East,Alice,1,759.22,0.13,660.52
2023-09-28,Headphones,West,Diana,3,1195.33,0.1,3227.39
2023-03-17,Headphones,North,Eve,1,1526.14,0.07,1419.31
2023-11-11,Headphones,South,Bob,2,1343.26,0.26,1988.02
2023-03-23,Headphones,West,Bob,7,838.66,0.04,5635.8
2023-07-20,Tablet,East,Bob,5,1076.52,0.21,4252.25
2023-06-16,Headphones,West,Alice,2,1099.58,0.21,1737.34
2023-10-06,Headphones,North,Diana,8,364.04,0.22,2271.61
2023-12-17,Headphones,South,Eve,2,112.91,0.23,173.88
2023-12-25,Phone,South,Bob,1,559.04,0.2,447.23
2023-09-09,Tablet,East,Bob,6,1034.97,0.3,4346.87
2023-06-28,Phone,West,Bob,5,974.63,0.07,4532.03
2023-08-02,Phone,East,Charlie,1,1278.45,0.16,1073.9
2023-01-04,Phone,East,Alice,4,505.73,0.12,1780.17
2023-08-07,Monitor,East,Eve,8,1745.83,0.26,10335.31
2023-09-16,Headphones,North,Eve,8,1461.55,0.11,10406.24
2023-02-25,Headphones,North,Eve,4,1518.55,0.0,6074.2
2023-09-19,Laptop,West,Alice,3,1307.7,0.3,2746.17
2023-03-18,Headphones,South,Diana,6,677.78,0.24,3090.68
2023-08-15,Headphones,South,Diana,8,1828.51,0.26,10824.78
2023-01-13,Laptop,North,Eve,8,970.13,0.12,6829.72
2023-12-02,Monitor,East,Charlie,8,734.18,0.17,4874.96
2023-11-23,Monitor,West,Bob,4,1085.62,0.02,4255.63
2023-03-16,Monitor,East,Eve,2,1866.33,0.04,3583.35
2023-01-20,Laptop,South,Bob,9,1152.56,0.09,9439.47
2023-02-14,Tablet,South,Eve,7,301.81,0.23,1626.76
2023-05-10,Headphones,North,Diana,1,1685.22,0.17,1398.73
2023-02-21,Laptop,South,Bob,5,165.32,0.19,669.55
2023-10-20,Tablet,East,Bob,2,518.62,0.03,1006.12
2023-12-24,Tablet,South,Diana,2,1103.56,0.14,1898.12
2023-11-11,Monitor,East,Diana,5,345.26,0.22,1346.51
2023-07-08,Tablet,South,Bob,7,357.76,0.08,2303.97
2023-02-07,Monitor,East,Diana,2,1942.03,0.14,3340.29
2023-02-17,Tablet,North,Eve,6,1314.3,0.1,7097.22
2023-09-17,Tablet,West,Eve,4,1343.02,0.3,3760.46
2023-07-22,Tablet,North,Eve,7,1951.43,0.29,9698.61
2023-04-01,Headphones,East,Bob,1,1077.03,0.16,904.71
2023-04-13,Laptop,North,Charlie,6,1217.89,0.06,6868.9
2023-07-29,Headphones,North,Bob,5,1730.83,0.14,7442.57
2023-08-18,Monitor,East,Bob,2,692.14,0.16,1162.8
2023-02-18,Laptop,East,Bob,5,775.04,0.2,3100.16
2023-12-12,Headphones,South,Eve,1,122.64,0.04,117.73
2023-02-16,Monitor,West,Charlie,5,1751.77,0.22,6831.9
2023-03-31,Phone,South,Charlie,6,1693.79,0.26,7520.43
2023-09-21,Laptop,North,Eve,8,1831.13,0.25,10986.78
2023-09-05,Headphones,West,Bob,2,750.55,0.16,1260.92
2023-09-28,Phone,South,Eve,6,454.52,0.06,2563.49
2023-02-06,Laptop,West,Eve,6,193.11,0.17,961.69
2023-01-14,Monitor,North,Alice,9,639.71,0.3,4030.17
2023-03-31,Monitor,East,Alice,8,1509.2,0.2,9658.88
2023-05-15,Phone,West,Alice,2,1384.77,0.26,2049.46
2023-05-09,Phone,South,Diana,9,300.74,0.24,2057.06
2023-05-05,Phone,South,Eve,2,234.5,0.2,375.2
2023-01-02,Headphones,South,Eve,4,1716.62,0.09,6248.5
2023-03-06,Laptop,North,Charlie,1,162.72,0.29,115.53
2023-04-15,Tablet,South,Charlie,8,547.23,0.15,3721.16
2023-11-29,Laptop,West,Bob,3,1954.56,0.07,5453.22
2023-01-16,Tablet,North,Charlie,6,1800.65,0.17,8967.24
2023-09-24,Laptop,East,Bob,3,1832.1,0.28,3957.34
2023-03-16,Phone,South,Alice,2,1172.73,0.08,2157.82
2023-09-16,Headphones,East,Alice,1,296.6,0.2,237.28
2023-05-12,Headphones,South,Eve,4,461.43,0.16,1550.4
2023-07-07,Tablet,West,Diana,9,1191.71,0.15,9116.58
2023-03-24,Laptop,North,Charlie,6,959.5,0.22,4490.46
2023-12-23,Monitor,West,Diana,4,1855.09,0.25,5565.27
